{"cameraMode":{"drawMode":0,"name":"Shaded","section":"Shading Mode"},"sceneLighting":true,"audioPlay":false,"sceneViewState":{"showFog":true,"showMaterialUpdate":false,"showSkybox":true,"showFlares":true,"showImageEffects":true,"showParticleSystems":true},"in2DMode":false,"pivot":{"x":6.111577033996582,"y":-2.429076910018921,"z":28.23600196838379},"rotation":{"x":-0.3486766517162323,"y":0.0735582709312439,"z":-0.027462001889944078,"w":-0.9339483976364136},"size":12.706706047058106,"orthographic":false}