{"cameraMode":{"drawMode":0,"name":"Shaded","section":"Shading Mode"},"sceneLighting":true,"audioPlay":false,"sceneViewState":{"showFog":true,"showMaterialUpdate":false,"showSkybox":true,"showFlares":true,"showImageEffects":true,"showParticleSystems":true},"in2DMode":false,"pivot":{"x":33.056007385253909,"y":3.7453904151916506,"z":33.27307891845703},"rotation":{"x":-0.30880433320999148,"y":0.12563078105449677,"z":-0.04118913784623146,"w":-0.9418918490409851},"size":16.27698516845703,"orthographic":false}