{"cameraMode":{"drawMode":0,"name":"Shaded","section":"Shading Mode"},"sceneLighting":true,"audioPlay":false,"sceneViewState":{"showFog":true,"showMaterialUpdate":false,"showSkybox":true,"showFlares":true,"showImageEffects":true,"showParticleSystems":true},"in2DMode":false,"pivot":{"x":13.84189510345459,"y":-0.8667711019515991,"z":-11.761130332946778},"rotation":{"x":-0.25949737429618838,"y":-0.4139767289161682,"z":0.12439292669296265,"w":-0.863603413105011},"size":26.858821868896486,"orthographic":false}