{"cameraMode":{"drawMode":0,"name":"Shaded","section":"Shading Mode"},"sceneLighting":true,"audioPlay":false,"sceneViewState":{"showFog":true,"showMaterialUpdate":false,"showSkybox":true,"showFlares":true,"showImageEffects":true,"showParticleSystems":true},"in2DMode":false,"pivot":{"x":58.77413558959961,"y":-56.21625518798828,"z":-7.088983535766602},"rotation":{"x":-0.3191661536693573,"y":-0.6195546984672546,"z":0.3045700192451477,"w":-0.6492472887039185},"size":103.55170440673828,"orthographic":false}