{"cameraMode":{"drawMode":0,"name":"Shaded","section":"Shading Mode"},"sceneLighting":true,"audioPlay":false,"sceneViewState":{"showFog":true,"showMaterialUpdate":false,"showSkybox":true,"showFlares":true,"showImageEffects":true,"showParticleSystems":true},"in2DMode":false,"pivot":{"x":22.760000228881837,"y":2.810999870300293,"z":35.279998779296878},"rotation":{"x":-0.19756539165973664,"y":0.3727581202983856,"z":-0.08155679702758789,"w":-0.9029771685600281},"size":5.445234775543213,"orthographic":false}