{"cameraMode":{"drawMode":0,"name":"Shaded","section":"Shading Mode"},"sceneLighting":true,"audioPlay":false,"sceneViewState":{"showFog":true,"showMaterialUpdate":false,"showSkybox":true,"showFlares":true,"showImageEffects":true,"showParticleSystems":true},"in2DMode":false,"pivot":{"x":-6.850889682769775,"y":-3.0037128925323488,"z":27.867446899414064},"rotation":{"x":-0.260841429233551,"y":0.24762871861457826,"z":-0.06941674649715424,"w":-0.9304962158203125},"size":73.18048095703125,"orthographic":false}