{"cameraMode":{"drawMode":0,"name":"Shaded","section":"Shading Mode"},"sceneLighting":true,"audioPlay":false,"sceneViewState":{"showFog":true,"showMaterialUpdate":false,"showSkybox":true,"showFlares":true,"showImageEffects":true,"showParticleSystems":true},"in2DMode":false,"pivot":{"x":111.64332580566406,"y":-62.061275482177737,"z":5.530515670776367},"rotation":{"x":-0.20868685841560365,"y":-0.7384157180786133,"z":0.2636202573776245,"w":-0.5845481157302856},"size":156.79257202148438,"orthographic":false}