{"cameraMode":{"drawMode":0,"name":"Shaded","section":"Shading Mode"},"sceneLighting":true,"audioPlay":false,"sceneViewState":{"showFog":true,"showMaterialUpdate":false,"showSkybox":true,"showFlares":true,"showImageEffects":true,"showParticleSystems":true},"in2DMode":false,"pivot":{"x":10.143588066101075,"y":-4.82390022277832,"z":-1.7576162815093995},"rotation":{"x":-0.23098203539848329,"y":-0.6597250699996948,"z":0.224424809217453,"w":-0.6790019869804382},"size":12.905492782592774,"orthographic":false}