{"cameraMode":{"drawMode":0,"name":"Shaded","section":"Shading Mode"},"sceneLighting":true,"audioPlay":false,"sceneViewState":{"showFog":true,"showMaterialUpdate":false,"showSkybox":true,"showFlares":true,"showImageEffects":true,"showParticleSystems":true},"in2DMode":false,"pivot":{"x":55.40247344970703,"y":-39.580078125,"z":87.88258361816406},"rotation":{"x":-0.2817695438861847,"y":-0.35430559515953066,"z":0.11286976933479309,"w":-0.8844964504241943},"size":106.34783172607422,"orthographic":false}